{
  "features": [
    "jaccard2",
    "jaccard3",
    "jw",
    "prefix_ratio",
    "len_ratio",
    "bias"
  ],
  "weights": [
    5.578400839860355,
    4.472478177489095,
    2.2965137324889606,
    -0.5059276195940773,
    -3.5506667415098683,
    0.0246958486671421
  ],
  "seed": 0
}