{"_comment": "Golden HNSW parity vectors \u2014 generated from the goldenhnsw kernel (via the goldenmatch_hnsw wheel). Both the Rust core and the TS/WASM surface must reproduce `expected` for the same params.", "params": {"dim": 8, "m": 16, "ef_construction": 200, "ef_search": 64, "seed": 12345, "k": 5}, "n": 64, "corpus": [0.34367677569389343, 0.5484628677368164, 0.38304734230041504, -0.32507845759391785, -0.4652474522590637, 0.022446101531386375, 0.28772348165512085, 0.17008748650550842, 0.6076125502586365, 0.252016544342041, 0.214731827378273, -0.24546444416046143, -0.3717992305755615, 0.49823272228240967, 0.016417182981967926, 0.27238231897354126, -0.4968912601470947, -0.15753065049648285, -0.4660865366458893, -0.28002145886421204, 0.3260074555873871, -0.5344926118850708, -0.19280852377414703, 0.05912798270583153, -0.6158574819564819, -0.23243296146392822, -0.20439963042736053, 0.38522839546203613, -0.39731207489967346, 0.2508320212364197, 0.05234716460108757, 0.391152948141098, 0.08259652554988861, 0.6086817979812622, -0.24369393289089203, 0.4403271973133087, -0.14783446490764618, -0.3517390489578247, 0.44473615288734436, -0.1613813191652298, -0.11063608527183533, -0.3963475525379181, -0.5988513827323914, 0.18103736639022827, -0.332581490278244, 0.222128763794899, 0.5274899005889893, -0.03276475518941879, -0.46139785647392273, 0.16144169867038727, 0.31196093559265137, -0.1072145402431488, 0.007152468431740999, 0.5468514561653137, 0.5182576179504395, 0.29076695442199707, -0.5027065277099609, -0.031143847852945328, 0.3498270511627197, -0.1229296401143074, -0.3539470136165619, -0.4440968334674835, -0.36670660972595215, -0.3896811604499817, -0.22469308972358704, 0.5706478953361511, -0.39879000186920166, 0.44175514578819275, 0.20799383521080017, 0.06960762292146683, -0.4121188223361969, -0.22747382521629333, 0.7938353419303894, 0.0398486964404583, 0.2164866328239441, 0.2666953206062317, 0.424617201089859, -0.09553766995668411, -0.24544352293014526, -0.02397889643907547, -0.15477921068668365, 0.4692147970199585, 0.11252135038375854, 0.14199133217334747, 0.08605360239744186, 0.7289557456970215, -0.32201364636421204, -0.2838730216026306, 0.44886669516563416, -0.053962592035532, 0.18300814926624298, -0.3696838617324829, 0.011831648647785187, 0.21899116039276123, -0.6731683611869812, -0.3524143099784851, 0.1192765086889267, 0.634019672870636, 0.1303350031375885, -0.01661154255270958, -0.23829534649848938, 0.11041339486837387, -0.7052362561225891, -0.013964086771011353, -0.08619549125432968, -0.1356104165315628, 0.6058071255683899, -0.6458014249801636, -0.005815599579364061, 0.018009334802627563, 0.12201234698295593, -0.4181784391403198, -0.287128210067749, -0.9201985001564026, -0.07852800190448761, 0.12055566161870956, 0.10121432691812515, -0.1218419224023819, 0.11441679298877716, 0.10913644731044769, 0.17108796536922455, 0.010654325596988201, -0.7530276775360107, -0.34410613775253296, 0.14595918357372284, -0.3844941556453705, -0.3372291922569275, 0.04787811264395714, -0.014329014346003532, 0.2812998294830322, 0.161091148853302, -0.13694573938846588, 0.035958122462034225, -0.8997408747673035, -0.2509601414203644, -0.0464000403881073, -0.6033332943916321, -0.08149173855781555, 0.06359755247831345, 0.26156526803970337, 0.10183248668909073, 0.4762131869792938, 0.38616445660591125, -0.4130558371543884, -0.10589690506458282, -0.07316466420888901, 0.042952582240104675, -0.2683034837245941, 0.2859489917755127, 0.34902024269104004, -0.7140596508979797, 0.44287464022636414, -0.25054240226745605, 0.4086926579475403, 0.2184697687625885, -0.05050679296255112, 0.7693210244178772, 0.34442567825317383, 0.012505375780165195, 0.09632513672113419, 0.6903024911880493, 0.40505293011665344, 0.2714459002017975, 0.06151478737592697, 0.16085627675056458, 0.04243944585323334, -0.4361066222190857, 0.2531457841396332, 0.13576024770736694, -0.44207289814949036, -0.2102428376674652, -0.08116241544485092, 0.1066107377409935, 0.56588214635849, 0.005801262333989143, -0.6353968977928162, 0.19677823781967163, -0.05090519040822983, -0.527757465839386, -0.6909639835357666, -0.3223102390766144, 0.11455702036619186, -0.22965005040168762, 0.18160821497440338, -0.09019939601421356, 0.05894308537244797, 0.22554856538772583, 0.18576134741306305, -0.33771783113479614, 0.6186789274215698, -0.6344722509384155, -0.0603182427585125, -0.34428781270980835, 0.4011009633541107, -0.44166144728660583, -0.3485139310359955, -0.38385993242263794, -0.4644915461540222, -0.19304944574832916, 0.0607297345995903, -0.39940857887268066, -0.6978036165237427, -0.11580079048871994, -0.018833089619874954, 0.2869856655597687, -0.33967891335487366, -0.08337275683879852, 0.3675389587879181, -0.29541346430778503, -0.03250085562467575, -0.10980470478534698, -0.4267508387565613, -0.03814740106463432, 0.3252035081386566, 0.6540606021881104, -0.4271923005580902, 0.3781334459781647, 0.45345672965049744, 0.49603211879730225, -0.18300944566726685, 0.1258879005908966, -0.2547842264175415, 0.22705654799938202, 0.48942238092422485, -0.1298331916332245, 0.10801983624696732, 0.43147552013397217, 0.3595689535140991, -0.33946284651756287, 0.6905516386032104, 0.24165192246437073, 0.07430893182754517, 0.012193044647574425, 0.25696951150894165, 0.3799854815006256, -0.4734528064727783, -0.32455891370773315, -0.642676830291748, 0.16344507038593292, 0.1420745551586151, -0.12340738624334335, -0.38549238443374634, 0.4587564468383789, 0.5607762336730957, 0.553387463092804, 0.01710524410009384, 0.048915788531303406, 0.04812352731823921, -0.05594462901353836, -0.505212664604187, -0.24952399730682373, 0.33530882000923157, -0.0012422746513038874, -0.1960947960615158, -0.10363452136516571, 0.7195424437522888, 0.5834866762161255, 0.43247556686401367, 0.06925776600837708, -0.47485724091529846, 0.07615135610103607, -0.12658976018428802, 0.24313251674175262, 0.40160277485847473, -0.4224511981010437, 0.8159900903701782, 0.03581583499908447, 0.05569595471024513, -0.34556540846824646, -0.11516710370779037, 0.05786888301372528, -0.12362271547317505, -0.06561321020126343, -0.08168012648820877, 0.42210152745246887, -0.042576104402542114, 0.15656600892543793, 0.016036326065659523, -0.6050700545310974, 0.6466537117958069, 0.0005752649740315974, -0.22217923402786255, 0.529724657535553, 0.5980108380317688, -0.22969390451908112, -0.3351241946220398, -0.357056587934494, 0.14090359210968018, 0.11948082596063614, 0.5738062262535095, -0.08333491533994675, -0.37505924701690674, 0.08725278824567795, -0.41817519068717957, 0.4830152988433838, 0.30507248640060425, 0.19909074902534485, 0.16192060708999634, -0.15009728074073792, -0.61683189868927, 0.45364516973495483, 0.3883782923221588, -0.26623180508613586, 0.32190486788749695, 0.14322328567504883, -0.06770994514226913, -0.006084873806685209, -0.7670945525169373, -0.12083759158849716, 0.048107896000146866, 0.18746685981750488, -0.5782486200332642, 0.22853709757328033, -0.34777042269706726, -0.3012567162513733, 0.04732205346226692, -0.2765336036682129, -0.6172869205474854, -0.31647980213165283, -0.41971197724342346, 0.05748826637864113, 0.3057536482810974, 0.26407989859580994, -0.30769824981689453, -0.16558317840099335, 0.11889536678791046, -0.7403978705406189, 0.38607057929039, 0.2862453758716583, 0.1610485017299652, -0.5173138380050659, 0.06069468334317207, -0.43981674313545227, 0.215927392244339, -0.5163732767105103, -0.3378235697746277, 0.09245508909225464, -0.3854099214076996, -0.7411882281303406, -0.2946816682815552, 0.11374552547931671, -0.3210800290107727, -0.29821455478668213, 0.04185207188129425, -0.00839835312217474, 0.5125104784965515, 0.350602924823761, -0.14855551719665527, -0.30513694882392883, 0.4428906738758087, -0.29207396507263184, -0.4665869176387787, 0.18159723281860352, -0.25301259756088257, -0.6373661160469055, 0.2430109679698944, 0.359738826751709, -0.4944179654121399, -0.15549373626708984, -0.19919288158416748, -0.0911378338932991, -0.23625284433364868, -0.7825740575790405, 0.012259363196790218, 