{
  "avg": {
    "seeds": [
      7,
      8,
      9
    ],
    "n_entities": 40,
    "total_wall_s": 7.1,
    "independent": {
      "P": 0.5760092068382224,
      "R": 0.7919136791634522,
      "F1": 0.6669094195108624
    },
    "flat_boost": {
      "P": 0.027896890087715773,
      "R": 0.8138882787588549,
      "F1": 0.05392551119546209
    },
    "collective": {
      "P": 0.9072568503462812,
      "R": 0.8372422531218521,
      "F1": 0.8687621537925629
    }
  },
  "per_seed": [
    {
      "seed": 7,
      "n_entities": 40,
      "independent": {
        "P": 0.5854922279792746,
        "R": 0.8129496402877698,
        "F1": 0.680722891566265,
        "wall_s": 0.7162370999576524
      },
      "flat_boost": {
        "P": 0.030742954739538857,
        "R": 0.7769784172661871,
        "F1": 0.059145673603504936,
        "wall_s": 0.8493979000486434
      },
      "collective": {
        "P": 0.8518518518518519,
        "R": 0.8273381294964028,
        "F1": 0.8394160583941606,
        "wall_s": 0.9188038000138476
      }
    },
    {
      "seed": 8,
      "n_entities": 40,
      "independent": {
        "P": 0.5952380952380952,
        "R": 0.819672131147541,
        "F1": 0.689655172413793,
        "wall_s": 0.05728950002230704
      },
      "flat_boost": {
        "P": 0.026045777426992895,
        "R": 0.8114754098360656,
        "F1": 0.05047157787407596,
        "wall_s": 1.2867676999885589
      },
      "collective": {
        "P": 0.8699186991869918,
        "R": 0.8770491803278688,
        "F1": 0.873469387755102,
        "wall_s": 0.7125306000234559
      }
    },
    {
      "seed": 9,
      "n_entities": 40,
      "independent": {
        "P": 0.5472972972972973,
        "R": 0.7431192660550459,
        "F1": 0.6303501945525292,
        "wall_s": 0.11951360001694411
      },
      "flat_boost": {
        "P": 0.026901938096615563,
        "R": 0.8532110091743119,
        "F1": 0.05215928210880538,
        "wall_s": 1.1690570999635383
      },
      "collective": {
        "P": 1.0,
        "R": 0.8073394495412844,
        "F1": 0.8934010152284264,
        "wall_s": 1.2136694999644533
      }
    }
  ]
}